0	8.142857142857142	2.5055
1	-1.0	-0.31225
2	-4.0	-1.553
3	-3.0	-0.9685
4	-0.025210084033613356	0.22964285714285704
5	0	0
6	-0.7	-0.5720000000000001
7	1.8	0.9862
8	-2.0	-0.6661666666666667
9	-2.0	-0.6785
10	0.5	0.03125
11	0.6	0.175
12	2.3398373983739837	0.6054886178861789
13	3.0	0.875
14	-2.9333333333333336	-0.8625
15	2.0	0.6335
16	4.666666666666666	1.3335
17	0.0	0.078125
18	1.0	0.25
19	-2.0	-0.3524999999999999
20	-1.0	-0.4090909090909091
21	-2.333333333333333	-1.2463333333333333
22	-1.0	-0.375
23	2.0	0.59375
24	-1.3333333333333333	-0.385
25	-0.9333333333333333	-0.2874
26	0.33333333333333326	0.35
27	-2.0	-0.625
28	0.8	0.1755
29	-0.8571428571428572	-0.437
30	-1.0	-0.3545
31	-0.2	-0.13333333333333333
32	-0.75	-0.388
33	-0.5714285714285714	-0.24035714285714288
34	0.19999999999999996	0.7176
35	-0.26666666666666666	-0.26870000000000005
36	4.0	1.1247500000000001
37	1.0	0.25
38	3.0	1.161
39	-2.0	-0.75
40	-2.2	-0.7228
41	-4.0	-1.667
42	0.6	-0.05909090909090911
43	-1.0	-0.25
44	0.0	0.2691111111111111
45	-1.0	-0.8745
46	-0.8571428571428572	-0.5416666666666667
47	2.0	0.5
48	-1.6666666666666667	-0.10400000000000004
49	1.0	0.34375
50	-1.0	-0.4995
51	-6.0	-1.375
52	-2.0	-0.7916666666666667
53	0.09999999999999998	0.05324999999999999
54	1.0	0.25
55	0	0
56	-1.8571428571428572	-0.625
57	0.0	0.015625
58	-2.0823529411764703	-0.812
59	1.0	0.344
60	0.0	0.125
61	1.6	0.55
62	-0.8666666666666669	-0.6627777777777778
63	0.0	-0.063
64	0.07317073170731707	0.007121951219512191
65	1.0666666666666664	0.45100000000000007
66	-1.0	0.04200000000000004
67	1.6666666666666665	0.4371666666666667
68	0	0
69	-1.9268292682926829	-0.4928780487804878
70	-0.8666666666666667	-0.40950000000000003
71	-1.2	-0.4668333333333333
72	-1.3333333333333335	-0.89195
73	-1.0	-0.417
74	0	0
75	-1.0	-0.25
76	-1.0	-0.4685
77	-2.0	-0.09350000000000003
78	-1.0	-0.375
79	0.33333333333333304	-0.14533333333333326
80	1.0	0.1875
81	1.0	0.1875
82	0.0	0.0625
83	-2.0	-0.8435
84	1.0	0.39166666666666666
85	-2.0	-0.8035
86	-1.0	-0.25
87	0.0	-0.0625
88	-1.0	-0.375
89	-4.0	-1.4576666666666667
90	0.07317073170731707	0.2571219512195122
91	0.0	0.0
92	1.0	0.1255
93	-3.920634920634921	-2.0243904761904763
94	-0.33333333333333326	-0.6845238095238095
95	0.6428571428571428	0.29675
96	0.6	0.175
97	-1.5	-0.48125
98	0	0
99	2.333333333333333	0.5209999999999999
100	0.0	0.02100000000000002
101	-0.6666666666666667	-0.6458333333333334
102	-1.5	-0.552
103	1.0	0.5
104	-1.0	-0.41666666666666674
105	0.4065040650406504	0.18420528455284552
106	1.2222222222222223	0.22916666666666669
107	-0.4444444444444444	-0.3333333333333333
108	0	0
109	0.0	0.0625
110	-2.0	-0.15575000000000006
111	0	0
112	0.7	-0.2374
113	-1.215686274509804	-0.5333333333333333
114	1.5	0.40625
115	0.375	-0.09325
116	0.6731707317073172	-0.7363780487804878
117	-1.0	-0.25
118	0	0
119	0.1333333333333333	-0.4938
120	-1.0	-0.5
121	-4.466666666666667	-1.9703333333333335
122	-0.06666666666666665	-0.28350000000000003
123	-1.9230769230769231	-0.6692307692307692
124	-0.33333333333333326	-0.2706666666666666
125	-1.349206349206349	-0.601190476190476
126	-1.4	-0.6374
127	-1.0	-0.375
128	0.0	0.063
129	-3.3333333333333335	-1.4376666666666666
130	2.0	0.625
131	1.0	0.08300000000000002
132	0	0
133	-2.0	-0.667
134	-1.5714285714285714	-0.5178571428571429
135	3.666666666666667	1.25
136	-0.8	-0.6374666666666666
137	-5.0	-2.062
138	0.5238095238095237	-0.09010714285714289
139	-1.0	-0.1795
140	2.3398373983739837	0.6054886178861789
141	-1.923809523809524	-0.9082333333333334
142	-0.8	-0.425
143	1.8	0.3812
144	2.6333333333333333	0.7104166666666667
145	-1.0	-0.437
146	1.6666666666666667	0.20833333333333331
147	-2.0	-0.8905333333333334
148	0.0	-0.031416666666666704
149	1.2	0.497
150	-3.0823529411764703	-1.337
151	1.0	0.12475000000000003
152	-2.6333333333333333	-1.38365
153	1.0	0.25
154	-5.0	-2.292
155	-0.6666666666666667	-0.4458333333333333
156	0	0
157	1.1428571428571428	0.25
158	2.4	0.558
159	-1.0	-0.35
160	-2.5	-0.8125
161	-2.0	-0.5
162	0.0	-0.27083333333333337
163	1.3333333333333333	0.47583333333333333
164	-1.0	-0.4891666666666667
165	2.4	0.48129999999999995
166	3.6	1.0575
167	1.0	0.3125
168	-2.666666666666667	-0.7793333333333333
169	2.3333333333333335	0.6041666666666666
170	3.333333333333333	1.4708333333333334
171	-2.7333333333333334	-0.8122
172	0.4	0.1375
173	-3.0	-0.7956666666666666
174	1.0	0.34375
175	0	0
176	-2.0	-0.625
177	0.42857142857142855	0.17857142857142858
178	0.8888888888888891	-0.5789500000000001
179	0.0	0.2230833333333334
180	2.6	0.6
181	4.6	1.39385
182	0	0
183	-2.5	-0.8125
184	-0.3999999999999999	-0.44999999999999996
185	0.5	0.44825000000000004
186	-1.349206349206349	-0.40476190476190466
187	0.0	0.0
188	0	0
189	-2.0	-0.9312499999999999
190	1.9428571428571428	0.2763
191	-4.095238095238095	-1.824948051948052
192	-1.0	-0.375
193	-1.0	-0.3125
194	1.0	0.25
195	-0.7777777777777777	-0.6317
196	-3.0	-0.9915
197	-2.0	-0.9272499999999999
198	-0.5394957983193276	-0.25
199	-1.0	-0.281
200	-1.4404761904761907	-0.2209166666666667
201	-1.0	-0.3125
202	-1.6666666666666667	-0.5416666666666666
203	0.0	-0.125
204	-4.0	-1.1835
205	-1.0	-0.25
206	0.33333333333333326	-0.3800833333333334
207	0.5	-0.28075000000000006
208	-1.2	-0.7
209	1.0	0.3855
210	0.33333333333333326	0.11875000000000002
211	2.0	1.09375
212	-3.9111111111111105	-2.0435
213	0.22222222222222232	-0.15116666666666667
214	0.21602787456445993	0.007121951219512191
215	-0.8	-0.30000000000000004
216	0.21602787456445993	0.007121951219512191
217	-0.8823529411764706	-0.325
218	0.6	-0.07500000000000001
219	-1.0	-0.9045000000000001
220	-0.8	-0.14365
221	1.0	0.125
222	1.6888888888888889	0.6515
223	-0.4	-0.2730000000000001
224	-2.0	-1.51
225	-1.5714285714285716	-0.1964285714285714
226	1.2000000000000002	0.15560000000000002
227	2.0	0.5
228	-1.2	-0.4495
229	0.0	0.08399999999999996
230	-2.0	-0.8125
231	1.6666666666666667	0.71925
232	-1.6	-0.7520833333333334
233	4.0	1.2185000000000001
234	0	0
235	7.0	1.95625
236	0.6666666666666667	0.052083333333333315
237	-2.0	-0.6875
238	-1.3333333333333333	-1.058
239	-0.4	-0.07
240	0.008333333333333304	0.21760416666666665
241	2.0	0.5
242	1.6666666666666667	0.3646666666666667
243	0.3999999999999999	0.21255
244	1.0	0.275
245	0.33333333333333326	0.12466666666666665
246	1.2	0.35635
247	2.0	1.01075
248	-2.107142857142857	-0.69525
249	-1.0	-0.32300000000000006
250	0.0	0.0
251	-3.0823529411764703	-1.1245
252	1.0	0.268
253	1.0	0.25
254	2.0	0.625
255	0.0	0.0
256	1.0	0.25
257	-3.0	-1.0
258	-3.5	-1.04075
259	-2.0	-0.75
260	-1.0	-0.3125
261	-5.5	-2.07325
262	-3.0	-1.625
263	2.0	0.625
264	1.3333333333333333	0.25
265	1.0	0.4315
266	-2.9	-1.5394166666666667
267	0.0	-0.03075
268	-2.5	-0.596125
269	-2.0	-0.51
270	3.5333333333333337	0.6376
271	-0.2	-0.07450000000000001
272	-1.0	-0.43733333333333335
273	-0.3333333333333333	-0.125
274	-2.0	-0.5625
275	2.0	0.27890909090909083
276	1.0	0.10211111111111104
277	1.0	0.25
278	2.0	0.5206666666666667
279	0.8666666666666667	0.1376
280	-2.0	-0.5625
281	2.0	0.8225
282	-0.4	-0.24600000000000002
283	-1.0	-0.25
284	2.0	0.5005
285	-3.0823529411764703	-1.037
286	1.4	0.41455
287	1.0	0.1875
288	2.0	0.688
289	1.0	0.25
290	-1.0	-0.34375
291	1.1428571428571428	0.25
292	0.0	0.1668333333333333
293	0.4509803921568627	0.1333333333333333
294	-2.3823529411764706	-1.5935833333333334
295	1.2	0.2625
296	1.0	0.375
297	1.9333333333333333	0.008333333333333304
298	3.0	0.515625
299	1.0	-0.30837499999999995
300	1.0	0.25
301	4.0	1.140625
302	-1.0	-0.3125
303	1.0	0.2503333333333333
304	1.3333333333333333	0.25
305	3.0	1.09375
306	-0.3333333333333333	-0.2916666666666667
307	-2.2	-0.6786666666666666
308	-0.10476190476190478	-0.3076904761904762
309	0.0	-0.09375
310	0.0	0.0
311	0.0	-0.3775909090909092
312	1.0	0.375
313	2.8	0.95675
314	-0.4	-0.2
315	0.0	0.0625
316	0.2222222222222222	-0.20833333333333331
317	-1.2	-0.3935
318	0.8	0.08929999999999999
319	-1.0	-0.417
320	-0.926829268292683	-0.08087804878048784
321	-3.4	-1.4007575757575759
322	-1.0	-0.375
323	0.8	0.3975
324	-0.4	-0.07500000000000001
325	1.0	0.1875
326	-1.0	-0.492
327	-0.6000000000000001	-0.3931666666666667
328	-2.2666666666666666	-1.0627
329	-2.0	-0.328
330	0.6666666666666666	0.8041666666666666
331	2.0	0.5625
332	0.0	0.0042999999999999705
333	0	0
334	1.0	0.375
335	0.7428571428571429	-0.067
336	-2.0	-0.9375
337	-2.2	-1.1155000000000002
338	4.4	0.9709999999999999
339	-2.0	-0.5
340	-2.0	-0.625
341	0	0
342	0	0
343	1.1	0.04999999999999999
344	-0.7777777777777778	-0.2846666666666667
345	-1.0	-0.34375
346	1.8	0.575
347	0.0	-0.03125
348	-3.0	-0.6726666666666667
349	-0.7333333333333334	-0.17073333333333335
350	-1.0	-0.25
351	-2.0	-0.625
352	0	0
353	-2.0	-0.53125
354	2.0	0.7035
355	-1.0	-0.25
356	2.0	0.5
357	-2.0	-0.65
358	-0.4	-0.6185
359	1.0	0.25
360	-0.6666666666666667	-0.10366666666666666
361	-1.0	-0.4744999999999999
362	2.333333333333333	0.6981666666666666
363	-1.0	-0.16249999999999998
364	2.0	0.40625
365	-1.0	-0.562
366	0.375	0.009000000000000008
367	-3.0	-1.08525
368	1.0	0.625
369	1.0	0.25
370	-0.6666666666666667	-0.22916666666666669
371	-2.0	-1.0935000000000001
372	0	0
373	-2.0	-0.5625
374	-4.666666666666666	-1.3535000000000001
375	-3.7777777777777777	-1.6391666666666667
376	6.266666666666667	2.2006
377	1.3333333333333333	0.2645
378	0.5	-0.0015833333333333255
379	1.0	0.20229999999999998
380	-2.0	-0.925
381	2.333333333333333	0.7709999999999999
382	0.0	0.125
383	1.0	0.75
384	0.0	0.0
385	-1.0	-0.25
386	-1.6666666666666665	-0.7286666666666668
387	2.666666666666667	1.1141666666666667
388	0.0	0.25
389	4.0	1.453
390	2.1904761904761907	0.4818095238095238
391	2.0	0.5
392	-0.5934959349593496	-0.8465447154471545
393	-0.5	-0.3020833333333333
394	-1.6666666666666667	-0.9583333333333334
395	-2.5238095238095237	-0.8125
396	-1.5	-0.78075
397	1.0	0.434
398	-1.0	-0.187
399	4.0	1.0
400	-2.3333333333333335	-1.2078333333333333
401	-1.8571428571428572	-0.625
402	-1.0	-0.4880277777777779
403	0	0
404	1.0	0.3955
405	5.551115123125783e-17	-0.02367424242424243
406	0.3333333333333335	-0.4177909090909091
407	4.25	1.58075
408	-4.0	-1.4161666666666668
409	-1.5714285714285712	-0.44676190476190475
410	2.333333333333333	0.8411666666666666
411	0	0
412	0.20000000000000018	0.017500000000000016
413	-1.0	-0.375
414	0.0	0.07133333333333336
415	-0.926829268292683	-0.28387804878048783
416	1.3333333333333333	0.46875
417	-0.3333333333333333	-0.7
418	-1.0	-0.3125
419	-1.0	-0.437
420	2.0	0.84375
421	-1.0	-0.5
422	0.11764705882352944	-0.07500000000000001
423	0.6000000000000001	0.23759999999999998
424	-1.0	-0.25
425	3.666666666666667	1.5416666666666665
426	0	0
427	0	0
428	-1.0	0.0
429	0.0	-0.125
430	-4.523809523809524	-1.4249999999999998
431	0.11764705882352944	-0.07500000000000001
432	-1.3333333333333333	-0.749
433	0.0	0.0
434	-2.5	-0.9064659090909091
435	1.0	0.25
436	-2.0	-0.6181666666666668
437	-4.0	-1.8517954545454547
438	-2.533333333333333	-1.0408333333333335
439	-2.857142857142857	-1.5
440	0.0	-0.27
441	0.3333333333333333	0.28662499999999996
442	-4.0	-1.6245
443	2.2	0.3876
444	-1.8333333333333333	-0.80625
445	0.6000000000000001	0.17500000000000004
446	2.0	0.55
447	-1.0	-0.875
448	-0.33333333333333337	-0.3753333333333334
449	0.0	-0.34850000000000003
450	0	0
451	1.0	0.25
452	-2.0	-0.271
453	-1.8571428571428572	-1.1841666666666666
454	0	0
455	0.6666666666666667	0.1875
456	0.19999999999999996	0.0126
457	-1.0	-0.43733333333333335
458	0.3999999999999999	-0.14370000000000005
459	1.0	0.22949999999999998
460	0.0	0.0
461	9.0	2.80175
462	1.0	0.434
463	-1.2	-0.55
464	-1.0	-0.375
465	-1.6666666666666665	-0.7290000000000001
466	-2.5	-0.90575
467	0.0	-0.21850000000000003
468	-1.6666666666666667	-1.0310000000000001
469	-2.0	-0.51
470	1.0	0.21875
471	-2.0	-0.6266666666666667
472	-2.666666666666667	-0.623
473	0.07317073170731707	-0.40987804878048784
474	0.0	-0.182375
475	-2.0	-0.667
476	-1.0	-0.489
477	2.1666666666666665	0.44791666666666663
478	0.33333333333333326	0.08333333333333331
479	2.3	0.41375
480	1.0	0.25
481	2.857142857142857	1.6796428571428572
482	-0.8571428571428572	-0.6666666666666667
483	-1.0	-0.321
484	1.0	0.375
485	0	0
486	0.07317073170731707	0.007121951219512191
487	-0.7802197802197803	-0.41506410256410253
488	-1.5	-0.47875
489	-2.58974358974359	-0.949397435897436
490	0.33333333333333326	-0.30425
491	0	0
492	-2.0	-0.75
493	-2.2	-0.5088333333333332
494	-1.0	-0.31233333333333335
495	-1.0	-0.375
496	0.0	0.041666666666666685
497	0.0	-0.125
498	3.833333333333333	1.2854166666666667
499	-1.0	-0.25
500	-2.0	-0.8645833333333334
501	-0.2	0.07150000000000001
502	-5.4	-2.367
503	-4.357142857142858	-1.7415
504	0.0	-0.25
505	-3.0	-1.125
506	4.999999999999999	1.79125
507	0.0	0.0
508	-1.0	0.16700000000000004
509	-1.0	-0.375
510	0	0
511	-0.8	-0.26875
512	-0.4	-0.07500000000000001
513	1.0	0.25
514	-0.08235294117647052	-0.4353
515	2.0	0.59375
516	1.0	0.375
517	1.0	0.041999999999999926
518	0.0	-0.15625
519	0.0	0.25
520	-0.8571428571428572	-0.15625
521	-2.0	-1.146
522	-4.8	-2.1953333333333336
523	0.0	0.43799999999999994
524	-1.3238095238095238	-0.3416666666666667
525	2.0	0.869625
526	-3.666666666666667	-1.6443333333333332
527	1.6065040650406508	0.3462775067750677
528	0.0	0.09999999999999998
529	1.4571428571428573	0.5951428571428572
530	-1.1428571428571428	-0.41785714285714287
531	-0.8095238095238095	-0.4165349206349206
532	-2.0	-0.609375
533	-1.0	-0.25
534	-4.0	-2.3965
535	-1.476190476190476	-1.1428571428571428
536	2.333333333333333	0.75
537	-2.8	-1.527625
538	3.0	0.7709999999999999
539	-0.19999999999999996	-0.04999999999999999
540	0.0	-0.125
541	-1.0	-0.333
542	1.0	0.19550000000000006
543	-2.0	-0.6805000000000001
544	-2.0	-0.73975
545	-0.4	-0.325
546	1.0	0.42199999999999993
547	-1.0	-0.07800000000000007
548	1.0	0.25
549	-3.0	-1.1976666666666667
550	1.0	0.25
551	-1.0	0.22883333333333333
552	0	0
553	3.0	0.90625
554	1.0769230769230769	0.23076923076923078
555	-0.4	-0.242
556	0.0	-0.09366666666666673
557	-0.8571428571428572	-0.625
558	0.0	-0.05199999999999999
559	-3.0	-1.5625
560	-1.0	-0.33299999999999996
561	-2.0	-0.5
562	-3.0	-0.9562
563	0	0
564	-1.0	-0.17800000000000005
565	2.0	0.5083333333333333
566	2.0	0.5625
567	0.0	-0.11699999999999999
568	0.0	0.05016666666666658
569	-2.8	-0.8625
570	-1.0	-0.5
571	-3.0	-1.0516666666666667
572	-3.6666666666666665	-1.0933333333333333
573	-1.3333333333333333	-0.22933333333333333
574	1.0	0.20800000000000002
575	-1.0	-0.5315000000000001
576	5.0	1.4606333333333332
577	-2.2	-0.7375
578	0.0	-0.11699999999999999
579	-0.33333333333333326	-0.5625
580	-1.8	-0.5954666666666667
581	-2.8	-0.8625
582	0.0	-0.5
583	3.0	0.75
584	2.5	0.75475
585	-3.0	-1.8958333333333335
586	0.0	-0.031000000000000028
587	3.333333333333333	0.9722222222222222
588	1.0	0.3696666666666667
589	0.0	-0.25
590	-4.0	-2.0416666666666665
591	-0.6666666666666667	-0.42683333333333334
592	-2.0	-0.625
593	1.1428571428571428	0.25
594	-3.5	-1.85425
595	3.3333333333333335	0.9270833333333334
596	0	0
597	-1.0	-0.312
598	0	0
599	1.0	0.313
600	0.5555555555555556	-0.5608333333333333
601	-2.25	-0.69525
602	-1.0	-0.3125
603	1.0	0.34375
604	-0.7184959349593496	-0.19127388211382115
605	1.0	0.3125
606	0.6000000000000001	0.10500000000000004
607	1.0	0.375
608	0.6666666666666667	-0.07500000000000001
609	3.0	0.75
610	1.1176470588235294	0.175
611	0.0	-0.3665
612	-0.7333333333333332	-0.49883333333333346
613	1.5	0.3125
614	-0.33333333333333326	-0.35416666666666674
615	1.0	0.25
616	-1.3333333333333333	-0.41666666666666663
617	0.0	-0.125
618	1.0	0.4475
619	-1.0	-0.4375
620	-2.4	-1.2688333333333333
621	-1.5777777777777777	-0.5707333333333333
622	0.8571428571428572	0.10714285714285715
623	1.6666666666666667	0.375
624	2.333333333333333	0.6958333333333333
625	-1.666666666666667	-0.6758333333333334
626	3.0	0.844
627	-2.0	-0.5206666666666666
628	-1.0	-0.3125
629	-1.0	-0.25
630	-2.0	-0.917
631	-2.0	-0.8187500000000001
632	2.0	0.6043333333333334
633	5.0	2.25
634	-1.0	-0.437
635	1.1	0.22316666666666665
636	5.333333333333333	1.4273333333333333
637	1.0	0.375
638	1.2000000000000002	0.3665999999999999
639	1.875	0.39075
640	2.0	0.5
641	1.4285714285714286	-0.1964285714285714
642	-1.6666666666666667	-0.541
643	1.6	0.12400000000000011
644	0.0	-0.031000000000000028
645	1.2	0.2626
646	-0.6000000000000001	-0.38749999999999996
647	-1.0	-0.5625
648	-1.6666666666666667	-1.1703333333333332
649	-1.8	-0.3218
650	2.0	0.7541666666666667
651	2.0	0.625
652	-1.0	-0.281
653	1.1428571428571428	0.25
654	2.0	0.625
655	-0.3999999999999999	0.04999999999999999
656	3.0	1.0185
657	-2.0	-0.5
658	-0.5	0.046999999999999986
659	3.5333333333333337	0.6376
660	-0.7777777777777777	-0.17033333333333334
661	-1.8611111111111112	-0.7629999999999999
662	0.0	-0.03125
663	0.1428571428571428	-0.0790909090909091
664	-2.857142857142857	-0.8745
665	0	0
666	5.0	1.7705000000000002
667	0	0
668	3.0	0.75
669	0.0	-0.27075
670	0.0	0.08300000000000002
671	0.5	0.125
672	2.0	0.8225
673	0	0
674	1.4666666666666666	0.4675000000000001
675	-4.926829268292683	-2.2008780487804875
676	-1.3333333333333333	-0.5541666666666667
677	-0.6666666666666667	-0.5340909090909092
678	3.2	0.7626
679	1.0	0.3125
680	-2.0	-0.8435
681	0.0	-0.375
682	0.33333333333333326	0.2995
683	1.0	0.25325
684	-1.0	-0.25
685	0.8	0.11299999999999999
686	-1.0	-0.5935
687	0.6666666666666667	0.125
688	0.0	9.999999999998899e-05
689	0.0	0.078125
690	2.0	0.6719999999999999
691	0.0	0.125
692	1.5571428571428572	-0.019007142857142778
693	-2.666666666666667	-0.9090909090909092
694	-1.0	-0.25
695	4.0	1.2847499999999998
696	-0.6349206349206349	-0.3333333333333333
697	-3.0	-1.222
698	1.6666666666666667	0.91625
699	3.0	0.8021666666666667
700	-1.0	-0.7185
701	0.8	0.5545
702	-5.0	-1.7286666666666668
703	0.0	0.0
704	3.0	0.921875
705	-3.1	-1.0394166666666667
706	-3.0	-0.9791666666666667
707	1.4	0.57505
708	-1.266666666666667	-0.5812
709	3.0	0.45875
710	1.6666666666666667	0.3784666666666666
711	1.0	0.485
712	-1.6	-0.7284999999999999
713	-0.8571428571428572	-0.375
714	-2.0	-0.917
715	3.0	0.84375
716	2.0	0.5
717	1.0	0.6176666666666666
718	1.1428571428571428	0.25
719	1.0	0.25
720	0.8571428571428572	-0.11135714285714288
721	-3.0	-1.01
722	0.8571428571428572	0.21714285714285708
723	0.0	-0.10699999999999998
724	-1.0	-0.5935
725	1.2000000000000002	0.6376
726	1.1428571428571428	0.844
727	2.0	0.671875
728	-2.0	-1.0340909090909092
729	2.642857142857143	0.50825
730	-1.0	-0.3125
731	0.0	0.0
732	0.8	0.2
733	1.476190476190476	1.3127499999999999
734	4.0	1.54125
735	0	0
736	-1.0	-0.792
737	0.0	0.25
738	6.073170731707317	1.5383719512195122
739	-2.0	-0.8173333333333332
740	-1.0	-0.406
741	-0.6666666666666667	-0.125
742	-1.0	-0.34375
743	0.33333333333333326	-0.14799999999999996
744	1.6	0.27899999999999997
745	-0.19999999999999996	-0.22199999999999998
746	-1.78397212543554	-0.5238780487804878
747	-1.0	-0.3125
748	1.5	0.27125
749	-3.5	-1.13575
750	-2.0	-0.6304999999999998
751	0.07317073170731707	0.007121951219512191
752	-1.8	-2.1392333333333333
753	-2.0	-0.629
754	-1.7777777777777777	-0.6253333333333333
755	4.0	1.0
756	-1.0	-0.25
757	0.375	0.0625
758	-2.5	-1.078
759	-0.8571428571428572	-0.375
760	1.0	0.28125
761	1.0	0.21875
762	-1.0	-0.22850000000000004
763	1.0	0.34375
764	3.073170731707317	0.8821219512195122
765	2.0	0.75
766	-1.0	-0.5419166666666667
767	0.8	0.16699999999999998
768	-0.12682926829268282	-0.6368780487804877
769	2.0	0.875
770	3.0	1.21875
771	-1.666666666666667	-0.4205
772	0.3333333333333333	0.30225
773	0.33333333333333326	-0.16666666666666669
774	1.0	0.25
775	0.0	0.29166666666666674
776	0.8	0.06249999999999997
777	-0.3999999999999999	-0.45
778	0.0	-0.08333333333333331
779	2.0	0.671875
780	3.553113553113553	1.4391025641025643
781	0.14285714285714285	0.0
782	-1.0	-0.26
783	0.0	0.0
784	1.0	0.675
785	1.0	0.25
786	4.0	0.96875
787	-1.0	-0.792
788	-3.3333333333333335	-1.2249999999999999
789	-2.333333333333333	-1.4041666666666668
790	0.0	0.0625
791	0.0	-0.17700000000000005
792	0.0	0.0625
793	-0.4	-0.0875
794	0.0	-0.125
795	0.0	0.172
796	0.0	-0.08333333333333331
797	-2.0	-0.6417
798	0	0
799	-1.0	-0.25
800	1.0	0.34375
801	-2.0	-0.625
802	-0.5714285714285714	-0.19642857142857142
803	0.7	-0.20648333333333335
804	-0.6000000000000001	-0.09166666666666666
805	-1.0	-0.34375
806	1.0	0.25
807	0	0
808	1.0	0.21875
809	-1.0	-0.25
810	-2.166666666666667	-0.8647499999999999
811	-1.8823529411764706	-0.575
812	0.0	-0.0625
813	0.0	0.18754545454545457
814	0	0
815	-4.0	-1.1456666666666666
816	-1.0	-0.625
817	1.2	0.3666
818	-4.5	-1.4374166666666668
819	0.06547619047619052	0.02108035714285711
820	0.0	0.125
821	0.0	0.024125000000000008
822	-1.0	-0.25
823	-1.0	-0.3575
824	-5.6	-2.1437
825	-2.0	-0.667
826	-0.6666666666666667	-0.35119047619047616
827	0.0	0.125
828	0.0	-0.25
829	0.5333333333333332	0.2833333333333333
830	-2.0	-0.875
831	1.0	0.25
832	-0.4666666666666668	-0.23733333333333334
833	0.0	0.025000000000000022
834	2.517857142857143	0.8125
835	-1.5833333333333333	-1.1535833333333332
836	-2.0	-0.9268333333333334
837	0.0	0.02566666666666667
838	-1.0	-0.25
839	-1.0	-0.25
840	-1.0	-0.25
841	0.0	0.0
842	-1.6666666666666667	-0.5158333333333334
843	-1.0	-0.5935
844	-1.0	-0.46875
845	-0.6666666666666667	-0.5831666666666667
846	0.4888888888888888	0.6855
847	1.0	0.25429999999999997
848	2.25	0.5495
849	0	0
850	-0.33333333333333326	0.021666666666666667
851	1.0	0.25
852	-0.8	-0.49583333333333335
853	-0.7777777777777777	-0.45833333333333326
854	-2.4	-0.9097333333333334
855	0	0
856	1.0	0.18100000000000002
857	-4.0	-1.4857
858	0.0	-0.25
859	-1.0	-0.4375
860	-1.0000000000000004	-0.41650000000000015
861	-0.37777777777777777	-0.3208333333333333
862	0.0	-0.21850000000000003
863	2.0769230769230766	0.5745192307692308
864	-0.9142857142857141	-0.6012857142857143
865	-4.0	-2.152
866	0.07692307692307665	-0.1858974358974359
867	-5.0	-1.625
868	-1.625	-0.5625
869	-1.0	-0.375
870	-0.1428571428571428	-0.14285714285714285
871	2.0	0.333
872	-3.6666666666666665	-1.2831666666666666
873	0.0	0.25
874	-2.0	-0.6785
875	-2.0	-0.521
876	-1.0	-0.437
877	0.11764705882352944	0.01874999999999999
878	2.5	0.54925
879	0.0	-0.2495
880	-3.0	-1.1375
881	0.0	0.125
882	-3.8823529411764706	-1.48125
883	-1.6666666666666667	-0.4027777777777778
884	-1.0	-0.25
885	0.0	0.11499999999999999
886	-2.7777777777777777	-1.8265000000000002
887	0.0	0.125
888	-2.0	-0.625
889	1.3333333333333333	0.625
890	0.0	0.125
891	-1.7777777777777777	-1.0100833333333332
892	-0.8823529411764706	-0.325
893	-1.0	-0.25
894	1.0	0.08350000000000002
895	2.0	0.7502499999999999
896	-1.9206349206349205	-0.9126904761904762
897	0	0
898	2.0	0.505625
899	0.0	0.125
900	0	0
901	1.0	0.2815
902	0.0	0.02566666666666667
903	-2.4	-1.117
904	-2.5	-0.875
905	0	0
906	0.0	0.16666666666666669
907	2.4	0.9813
908	-2.4	-1.0125
909	1.1333333333333333	0.0683666666666667
910	-1.0	-0.375
911	-1.65	-0.57965
912	0.27500000000000024	-0.07822916666666664
913	0	0
914	-1.0	-0.5935
915	-1.0	-0.554
916	3.333333333333334	1.0625999999999998
917	0.2	-0.022466666666666663
918	-1.0	-0.5935
919	-3.0	-0.75
920	2.0	0.5
921	2.333333333333333	0.8333333333333333
922	0	0
923	1.0	0.25
924	-2.0	-1.0
925	1.0731707317073171	0.3196219512195122
926	0.5	0.21925
927	0.5333333333333332	0.05426666666666666
928	0.14285714285714285	0.0
929	0.033333333333333215	0.16159999999999997
930	-1.0	-0.3125
931	4.0	1.09375
932	1.0	0.3125
933	-1.0	-0.75
934	-1.0	-0.125
935	3.0	0.75
936	-2.0	-0.9685
937	2.0	0.390625
938	-2.666666666666667	-0.8229166666666667
939	-2.6666666666666665	-0.7916666666666666
940	-0.8	-0.2790666666666667
941	0	0
942	-1.0333333333333332	-0.8041666666666667
943	-3.0	-1.3958333333333335
944	1.0	0.125
945	1.0	0.050000000000000044
946	-1.6666666666666665	-0.4131944444444444
947	-0.6666666666666667	-0.21199999999999997
948	0.0	0.0
949	-1.0	-0.25
950	-1.0	-0.375
951	0.0	0.125
952	0.0	-0.187
953	0.0	-0.25
954	0	0
955	0.9047619047619047	0.07580952380952381
956	2.0	0.524125
957	3.666666666666667	1.32275
958	-3.6666666666666665	-0.7446666666666666
959	0.3231707317073171	0.007121951219512191
960	0.33333333333333326	0.03316666666666657
961	2.0	0.5143
962	1.0	0.050000000000000044
963	-3.0	-1.2125
964	1.0	-0.03125
965	-1.2000000000000002	-0.675
966	0.0	-0.125
967	2.0	0.5
968	-1.0	-0.375
969	-2.0	-0.5
970	0.0	0.0
971	1.8	0.29350000000000004
972	2.0	0.688
973	-1.8	-0.7374
974	0.0	-0.09325
975	-0.926829268292683	-0.6598780487804878
976	1.0	0.16666666666666669
977	-0.4	-0.65
978	-1.3571428571428572	-0.9895833333333334
979	-2.0	-0.71825
980	-5.551115123125783e-17	-0.02777777777777779
981	3.5398373983739835	1.0279441734417345
982	1.3333333333333333	0.5208333333333334
983	0.0	0.25
984	3.0	0.8175
985	-1.9230769230769231	-0.7692307692307692
986	0.19081779053084652	-0.1303780487804878
987	-1.0	-0.375
988	-2.6666666666666665	-0.7777777777777778
989	-0.7999999999999998	-0.3435
990	-3.0	-1.062
991	-2.6	-1.0333333333333332
992	0.0	-0.0625
993	0.0	-0.35
994	-1.0571428571428572	-0.5115000000000001
995	1.0	0.25
996	0	0
997	0.20833333333333326	0.10160416666666666
998	-1.6666666666666665	-0.41666666666666663
999	0.1428571428571428	-0.04099999999999998
1000	-1.0	-0.625
1001	-1.0	-0.35
1002	-3.0	-1.38525
1003	-1.0	-0.375
1004	0.2222222222222222	-0.08333333333333331
1005	1.0	0.125
1006	0.2222222222222222	0.041666666666666685
1007	-0.20000000000000007	-0.06689999999999999
1008	0.0	0.078125
1009	-2.0	-0.625
1010	-6.0	-1.9264999999999999
1011	0.1428571428571428	0.09399999999999997
1012	-0.6666666666666667	-0.1527777777777778
1013	-3.2666666666666666	-1.1444222222222225
1014	-1.9268292682926829	-1.7798780487804877
1015	-4.857142857142858	-1.8018333333333336
1016	-0.9999999999999998	-1.1225
1017	0.20000000000000018	-0.5114666666666667
1018	0.0	0.063
1019	1.0	0.25
1020	-1.0	-1.0625
1021	-2.4285714285714284	-0.741857142857143
1022	-1.0	-0.132
1023	-1.9230769230769231	-1.5187307692307694
1024	-0.5714285714285714	-0.1964285714285714
1025	0.0	-0.3225
1026	-2.0	-0.9081666666666667
1027	1.0	1.2183333333333333
1028	1.0	0.25
1029	0.0	0.35375
1030	-0.8	-0.2684
1031	0.7	0.31894999999999996
1032	-1.0	-0.406
1033	2.1	0.5354166666666667
1034	0.33333333333333326	-0.041666666666666685
1035	3.0	1.063
1036	3.0	1.22875
1037	-2.3333333333333335	-0.9375
1038	-1.0	-0.3125
1039	1.0095238095238097	0.1480999999999999
1040	2.0	0.7814166666666666
1041	0.0	0.0625
1042	0.5	0.140625
1043	0.0	0.0
1044	1.0	0.25
1045	2.142857142857143	0.53125
1046	-2.857142857142857	-0.9375
1047	-2.2777777777777777	-0.6492499999999999
1048	3.0	1.109
1049	0.0	-0.125
1050	-1.0	-1.0
1051	-1.0	-0.3125
1052	-1.6666666666666667	-0.7632575757575757
1053	1.134065934065934	0.22551208791208793
1054	-3.0	-0.75
1055	-1.0	-0.375
1056	0.4	-0.26870000000000005
1057	-2.7777777777777777	-1.0633333333333332
1058	-2.533333333333333	-0.7188000000000001
1059	0	0
1060	1.0	0.09090909090909088
1061	2.333333333333333	0.7017222222222222
1062	-2.0	-0.5625
1063	3.6	0.8106666666666666
1064	-2.0	-1.1658333333333333
1065	-1.3333333333333333	-0.4583333333333333
1066	-2.0	-0.5
1067	0.0	-0.06534090909090912
1068	-3.111111111111111	-1.1556666666666666
1069	-1.2601626016260161	-0.6694613821138211
1070	0.0	-0.375
1071	1.3333333333333333	0.31450000000000006
1072	-1.0	-0.375
1073	0.0	0.0
1074	-1.0	-0.5935
1075	0.2	0.09260000000000002
1076	1.5	0.28125
1077	-0.7777777777777778	-0.3333333333333333
1078	-1.1	-0.33120000000000005
1079	2.0	0.675
1080	-1.0	-0.1875
1081	2.6666666666666665	0.9166666666666666
1082	-0.7916666666666666	-0.14839583333333334
1083	-0.8823529411764706	-0.325
1084	3.0	1.03125
1085	0.0	0.0625
1086	-2.026829268292683	-1.0116280487804878
1087	-0.3333333333333335	-0.07366666666666666
1088	1.7142857142857144	0.518095238095238
1089	0	0
1090	-2.926829268292683	-1.1548780487804877
1091	-0.6666666666666667	-0.75
1092	-0.8	-0.5124666666666666
1093	1.4666666666666668	0.528125
1094	0.3333333333333333	-0.25
1095	0	0
1096	1.0	0.372
1097	-3.0	-1.0830000000000002
1098	1.0	0.34375
1099	-0.9230769230769231	-0.3942307692307692
1100	-2.6904761904761907	-1.0520833333333335
1101	2.0	0.675
1102	-3.0	-1.283
1103	-3.333333333333333	-1.0
1104	-2.0	-1.0418333333333332
1105	-3.0	-1.2503333333333333
1106	3.0	0.84375
1107	-1.0	-0.4539500000000001
1108	0.3333333333333333	0.041666666666666664
1109	-1.0	-0.508875
1110	-2.5	-0.96875
1111	0	0
1112	-0.19999999999999996	-0.35629999999999995
1113	-1.0	-0.28133333333333344
1114	0.0	0.0625
1115	-2.0	-0.71825
1116	3.5333333333333337	0.8876
1117	0.0	-0.06225000000000003
1118	-1.0	-0.5
1119	0.07692307692307687	-0.0608974358974359
1120	-1.5714285714285714	-0.3524285714285714
1121	-2.0	-0.732
1122	-2.6666666666666665	-0.9586666666666668
1123	4.0	1.17425
1124	1.0	0.375
1125	-1.0	-0.37070000000000003
1126	-1.0	-0.4166666666666667
1127	0.0	0.4583333333333333
1128	3.3333333333333335	0.9791666666666666
1129	2.0	0.55175
1130	-1.0	-0.437
1131	-0.6666666666666667	0.010749999999999982
1132	1.6	0.425
1133	0	0
1134	0	0
1135	1.8571428571428572	0.7256428571428573
1136	-2.0	-0.562
1137	-2.0	-0.5
1138	0.0	-0.5
1139	-0.6666666666666667	-0.3898666666666667
1140	-1.7777777777777777	-0.5833333333333333
1141	-1.0	-0.521
1142	-1.0	-0.3125
1143	0.42857142857142855	0.17857142857142858
1144	-0.4	-0.4
1145	2.6	0.7719999999999999
1146	-4.333333333333334	-1.5969242424242425
1147	1.6	0.64
1148	3.0	0.84375
1149	-1.0	-0.4375
1150	-1.0	-0.27066666666666667
1151	-2.466666666666667	-0.9875
1152	-2.0	-0.484375
1153	0	0
1154	-1.3333333333333333	-0.354
1155	-1.7999999999999998	-0.279
1156	-0.6	-0.26870000000000005
1157	-1.0	-0.25
1158	1.0	0.0
1159	-1.0	-0.25
1160	0.8	0.05266666666666664
1161	1.0	0.49950000000000006
1162	1.0	0.25
1163	0.0	0.0
1164	1.0	0.25
1165	0.0	0.09375
1166	-2.0	-0.5
1167	-1.8	-0.6124
1168	2.0	0.5
1169	0	0
1170	4.432142857142857	1.3098095238095238
1171	-1.0	-0.25
1172	-1.3333333333333333	-0.125
1173	-1.0	-0.375
1174	2.0	0.9793333333333334
1175	-2.0	-1.0
1176	3.6666666666666665	1.6039166666666667
1177	0.7999999999999999	-0.02440000000000009
1178	0.0	-0.03125
1179	-3.857142857142857	-1.9583333333333333
1180	1.0	0.25
1181	-1.0	-0.5
1182	-2.6666666666666665	-0.7916666666666666
1183	0.0	-0.625
1184	-1.0	-0.25
1185	-1.0	-0.3125
1186	-1.0	-0.25
1187	-1.3333333333333333	-0.3333333333333333
1188	-3.3823529411764706	-2.0776742424242425
1189	-0.16666666666666669	-0.17708333333333334
1190	2.0	0.12516666666666665
1191	0	0
1192	1.3333333333333333	0.5833333333333334
1193	0	0
1194	-1.3333333333333335	-0.25350000000000006
1195	0.0	0.0625
1196	0.0	0.005083333333333384
1197	-3.0	-0.75
1198	-3.0	-1.359375
1199	2.0	0.62475
1200	-1.6666666666666667	-0.493
1201	-1.1571428571428573	-0.4479666666666667
1202	-2.333333333333333	-1.25
1203	1.0	0.3395
1204	-0.3333333333333333	-0.11458333333333333
1205	-1.0	-0.375
1206	1.1428571428571428	0.25
1207	-0.6666666666666665	-0.06266666666666665
1208	1.8095238095238095	0.41666666666666674
1209	2.5	0.3755
1210	0	0
1211	-3.0	-1.375
1212	0	0
1213	1.1176470588235294	0.36299999999999993
1214	-1.2666666666666668	-0.5667833333333334
1215	-0.8571428571428572	-0.437
1216	-0.4	-0.18750000000000003
1217	1.0	0.375
1218	0.41025641025641035	0.12660256410256404
1219	0	0
1220	0	0
1221	1.0	0.25
1222	0.5	0.0
1223	-2.0	-0.406
1224	3.6666666666666665	1.0854166666666667
1225	1.0	0.15625
1226	-1.1	-0.29995000000000005
1227	0.0	0.2585
1228	1.0	0.25
1229	-1.0	-0.36650000000000005
1230	2.0	0.75
1231	1.0	0.25
1232	2.0	0.2222222222222222
1233	1.0	0.661
1234	-2.0	-0.7125
1235	0	0
1236	0	0
1237	-4.2	-1.512
1238	0.6666666666666665	-0.127
1239	-0.8	-0.03506666666666669
1240	-1.0	-0.3375
1241	1.4	0.215625
1242	0.0	-0.25
1243	-3.0	-1.0
1244	-0.5	-0.1875
1245	0.0	0.53125
1246	3.0	0.875
1247	1.1428571428571428	0.25
1248	3.0	0.8125
1249	-3.571428571428571	-1.0523571428571428
1250	-2.666666666666667	-0.8667777777777779
1251	0.0	-0.7495
1252	0	0
1253	0.0	-0.27570833333333333
1254	0.8	0.24
1255	0.0	0.09375
1256	0.19047619047619052	0.09689285714285711
1257	2.333333333333333	0.5833333333333334
1258	1.0	0.34375
1259	0.0	-0.24375000000000002
1260	0	0
1261	-0.5	-0.3854166666666667
1262	-1.0	-0.28125
1263	3.0	0.84375
1264	-1.0	-0.312
1265	1.1333333333333333	0.1312
1266	-0.8	-0.258
1267	1.0	0.34375
1268	1.0	0.25
1269	0.3333333333333333	-0.03125
1270	1.0	0.25
1271	1.5	0.15625
1272	1.0	0.25
1273	0.0	-0.25
1274	-0.926829268292683	-0.3678780487804878
1275	1.2222222222222223	0.19791666666666674
1276	1.7666666666666666	0.4375
1277	-1.0	-0.20833333333333331
1278	0.20833333333333326	-0.023395833333333338
1279	-0.4	-0.1875
1280	-0.5	-0.6092500000000001
1281	-4.0	-1.4915
1282	3.0	1.0
1283	-3.666666666666667	-1.6998333333333333
1284	-1.0	-0.25
1285	-1.0	-0.8645833333333334
1286	-1.8	-0.7374
1287	-2.0823529411764703	-1.062
1288	1.5	0.28125
1289	-1.7394957983193278	-0.7
1290	-3.4	-1.5375
1291	0.3999999999999999	0.5124999999999998
1292	-1.7999999999999998	-0.49375
1293	0	0
1294	3.0	0.84375
1295	-1.5714285714285714	-0.4674285714285714
1296	2.0	0.375
1297	2.6	0.8
1298	-1.5777777777777777	-0.5707333333333333
1299	2.8222222222222224	0.5706666666666668
1300	1.0	0.25
1301	2.0	0.5
1302	-0.4	-0.242
1303	-1.0	-0.375
1304	1.0	0.39575
1305	-1.0	-0.3125
1306	3.428571428571429	1.1410714285714287
1307	-1.0	-0.875
1308	-2.0	-1.0628333333333335
1309	0	0
1310	-1.0	-0.25
1311	-1.333333333333333	-0.6622833333333333
1312	0.6666666666666667	0.16666666666666669
1313	0	0
1314	-1.0	-0.5
1315	-1.0	-0.5373666666666668
1316	-1.0	-0.25
1317	2.0	0.59425
1318	-3.0	-0.875
1319	-4.0	-1.2495
1320	0	0
1321	0.0	0.08300000000000002
1322	2.2857142857142856	0.5820476190476191
1323	2.0	0.5
1324	0	0
1325	1.0	0.5625
1326	2.1054945054945056	0.642012087912088
1327	-1.0	-0.3125
1328	-2.0	-0.687
1329	1.0	0.25
1330	-2.0	-0.917
1331	-0.11111111111111116	-0.16666666666666663
1332	0	0
1333	-1.0	-0.25
1334	-3.3823529411764706	-1.7099166666666668
1335	1.0	0.375
1336	-2.0	-0.8669242424242425
1337	-2.1333333333333333	-1.004
1338	0.0	0.09375
1339	-0.6666666666666667	-0.25
1340	2.3333333333333335	0.7222222222222222
1341	2.0	0.59375
1342	3.3333333333333335	1.1069999999999998
1343	0.3333333333333333	0.041666666666666664
1344	1.8	0.575
1345	0.0	-0.10400000000000004
1346	0.6666666666666667	0.15666666666666668
1347	-0.33333333333333337	-0.3797083333333333
1348	-1.0	-0.375
1349	0.4	0.41824999999999996
1350	-0.6666666666666667	-0.375
1351	1.5	0.6772499999999999
1352	1.0	0.375
1353	2.0	0.7969999999999999
1354	1.0666666666666664	-0.37787500000000007
1355	0.1428571428571428	0.5625
1356	-2.0	-0.625
1357	0.0	0.30699999999999994
1358	-1.2	-0.516875
1359	2.6	0.7555000000000001
1360	0.8	0.1876
1361	0.0	-1.167
1362	-1.0	-0.25
1363	1.0	0.34375
1364	4.0	1.3755
1365	0.0	-0.046875
1366	-1.0	-0.375
1367	-1.0	-0.234375
1368	-2.666666666666667	-1.0208333333333333
1369	2.8	0.9809999999999999
1370	0.0	-0.03125
1371	0.0	-0.4440333333333335
1372	-0.19999999999999996	-0.28570000000000007
1373	-1.0	-0.437
1374	-1.0	-0.25
1375	-1.4	-0.9392333333333334
1376	0	0
1377	-1.0	-0.34366666666666673
1378	-2.0	-0.562
1379	0.0	-0.03125
1380	-1.0	-0.3125
1381	0.6	0.2375
1382	2.0	0.5
1383	-4.0	-1.459
1384	2.142857142857143	0.5
1385	3.3333333333333335	1.29125
1386	0	0
1387	2.0	0.5
1388	0.19999999999999996	0.06875
1389	1.8	0.2921666666666667
1390	-1.8571428571428572	-0.5
1391	0.0	-0.125
1392	1.0	0.25
1393	1.6	0.3775
1394	-1.0	-0.437
1395	0.0	0.0625
1396	0.0	0.125
1397	-1.0	-0.75
1398	-0.8571428571428572	-0.3958333333333333
1399	1.6	0.42822499999999997
1400	-1.7999999999999998	-0.7123333333333334
1401	0.0	0.0625
1402	-1.6666666666666667	-0.7185
1403	-1.8	-1.0099
1404	0.16666666666666652	-0.3642500000000001
1405	0.19999999999999996	-0.22750000000000004
1406	0.375	0.0625
1407	0.14285714285714285	0.0
1408	1.0	0.07100000000000001
1409	0.8666666666666666	0.28150000000000003
1410	-2.0	-0.51
1411	0.0	0.0
1412	-1.3333333333333333	-0.3333333333333333
1413	0.8	0.6656249999999999
1414	-2.0	-0.812
1415	-1.0	-0.40700000000000003
1416	-1.0	-0.3
1417	-0.1428571428571428	-0.32985714285714285
1418	-1.0666666666666669	-1.03
1419	-0.125	-0.055729166666666774
1420	0.0	0.0625
1421	-2.3333333333333335	-1.3744242424242425
1422	0.0	-0.0625
1423	-0.8999999999999999	-0.7317500000000001
1424	-2.666666666666667	-0.9578333333333333
1425	1.3333333333333333	0.5209999999999999
1426	0	0
1427	-1.8571428571428572	-1.375
1428	-1.0	-0.328625
1429	-0.6666666666666667	-0.16666666666666669
1430	-1.0	-0.375
1431	-0.9333333333333333	-0.24783333333333332
1432	-0.6666666666666667	-0.812
1433	0.0	-0.062
1434	1.0	0.5725
1435	2.0	0.5
1436	1.0	0.375
1437	-3.4	-1.1207333333333334
1438	0	0
1439	0.33333333333333326	-0.04116666666666663
1440	0.0	-0.125
1441	-1.3333333333333335	-0.48333333333333334
1442	0.0	-0.34375
1443	-2.0	-0.7748333333333334
1444	2.0	0.438
1445	-2.0	-0.5435000000000001
1446	-1.8	-0.6125
1447	1.0	0.375
1448	0.0	-0.15909090909090912
1449	0.1428571428571428	0.30216666666666664
1450	1.0	0.03149999999999997
1451	0	0
1452	-1.0	-0.8540000000000001
1453	0	0
1454	-1.0	-0.25
1455	2.0	0.723
1456	-2.0	-0.7604166666666667
1457	-0.3333333333333335	-0.45833333333333337
1458	0.3333333333333333	0.08333333333333333
1459	-1.0	-0.33299999999999996
1460	-2.5	-1.3334166666666667
1461	1.0	0.34425
1462	-1.0	-0.3125
1463	0	0
1464	1.8333333333333333	0.3229166666666667
1465	-4.857142857142858	-1.5310000000000001
1466	0	0
1467	-2.0	-0.625
1468	-0.7777777777777777	-0.33333333333333326
1469	0.8	0.1755
1470	-1.5	-0.3745
1471	-1.2000000000000002	-0.6607000000000001
1472	0.0	-0.26033333333333336
1473	0	0
1474	0.2222222222222222	-0.08333333333333331
1475	-2.7777777777777777	-0.9793333333333333
1476	-1.0	-0.07800000000000001
1477	-0.5	-0.15625
1478	0.0	0.25
1479	1.0	0.063
1480	-2.1904761904761907	-0.8592500000000001
1481	-0.8	-0.3964909090909091
1482	0.4	0.2
1483	0.0	0.0
1484	0.0	-0.15625
1485	-1.6488095238095237	-0.7733958333333333
1486	-2.0	-0.75
1487	2.0	0.47916666666666674
1488	2.0	0.75
1489	-1.0	-0.375
1490	0.0	-0.3435
1491	1.1428571428571428	0.25
1492	-0.6000000000000001	-0.26870000000000005
1493	-1.0	-0.5928
1494	2.0	0.625
1495	-1.0	-0.406
1496	-1.0	-1.125
1497	-1.2	-0.325
1498	0.8571428571428572	0.5651428571428572
1499	1.1333333333333333	0.3005
1500	0.75	0.30474999999999997
1501	0.14285714285714285	0.0
1502	0.0	-0.02100000000000002
1503	-1.5	-0.59375
1504	0	0
1505	0.07317073170731707	0.007121951219512191
1506	-0.19999999999999996	0.12033333333333329
1507	1.0	0.2915
1508	1.3333333333333333	0.47700000000000004
1509	-0.8571428571428572	-0.6875
1510	-0.7999999999999998	-0.2237
1511	1.333333333333333	0.20833333333333326
1512	1.0	0.25
1513	-1.6	-0.86245
1514	0.0	-0.16666666666666669
1515	-0.8214285714285715	-0.3868785714285715
1516	1.6	0.425
1517	0.0	-0.125
1518	0.1428571428571428	0.0
1519	1.0	0.25
1520	0.6	0.175
1521	-1.0	-0.625
1522	0	0
1523	1.5	0.30625
1524	-1.25	-0.9139166666666667
1525	1.0	0.25
1526	1.5	0.5487500000000001
1527	-2.0	-0.8333333333333334
1528	-1.0	-0.25
1529	-2.5	-0.8536666666666668
1530	1.0	0.31275
1531	0.0	-0.125
1532	1.0	0.25
1533	1.0	0.09375
1534	0.8571428571428572	0.35714285714285715
1535	0.0	-0.5
1536	0.0	-0.125
1537	1.0	0.20800000000000002
1538	-0.8	-0.2374
1539	-0.8571428571428572	-0.25
1540	-1.6	-0.425
1541	0.0	-0.32300000000000006
1542	-1.434920634920635	-0.5707333333333333
1543	0.0	0.5625
1544	2.3333333333333335	0.375
1545	-0.6666666666666667	-0.5728166666666666
1546	0.0	-0.1875
1547	-4.0	-1.875
1548	-0.33333333333333326	-0.375
1549	0.33333333333333326	-0.14166666666666666
1550	0.0	-0.125
1551	1.0	0.08300000000000002
1552	-1.0	0.12311111111111106
1553	0	0
1554	0.0	0.31299999999999994
1555	1.0	0.20891666666666658
1556	3.0	1.0725
1557	3.6	1.1125
1558	1.0	0.25
1559	1.0	0.25
1560	2.3333333333333335	0.8125
1561	0.14285714285714285	0.0
1562	-1.0	-0.375
1563	6.333333333333333	2.043166666666667
1564	1.3333333333333333	0.375
1565	0.0	-0.25
1566	0.0	0.0
1567	1.0	0.25
1568	-0.3333333333333333	-0.25
1569	1.8095238095238095	0.27099999999999996
1570	-1.0	-0.375
1571	1.1428571428571428	0.375
1572	0.833333333333333	0.17391666666666672
1573	1.0	0.34375
1574	-3.0	-0.7916666666666667
1575	0.40650406504065034	-0.04496138211382124
1576	-3.9230769230769234	-1.8942307692307692
1577	0	0
1578	-0.926829268292683	-0.3678780487804878
1579	-1.8823529411764706	-1.4
1580	-2.0	-0.75
1581	1.5	0.6454166666666667
1582	-1.0	-0.15625
1583	0	0
1584	0.07317073170731703	0.3296219512195122
1585	0.0	-0.04166666666666663
1586	-2.0	-0.5833333333333333
1587	-1.0	-0.3125
1588	0.4	0.14379999999999998
1589	-1.0	-0.2565
1590	-1.78397212543554	-0.7115447154471546
1591	1.0	0.25
1592	-2.0	-0.562
1593	-1.5238095238095242	-0.5902777777777778
1594	2.0	1.0905
1595	0.0	0.15649999999999997
1596	4.333333333333334	1.25
1597	-0.2	-0.07450000000000001
1598	6.428571428571429	1.9022380952380953
1599	0.4509803921568627	0.18258333333333335
1600	2.0	0.625
1601	3.75	1.1797499999999999
1602	0.6666666666666667	0.25
1603	-0.8571428571428572	-0.7916666666666667
1604	1.0	0.25
1605	0.0	-0.15600000000000003
1606	-2.923076923076923	-1.561230769230769
1607	0	0
1608	-0.7777777777777778	-0.3333333333333333
1609	-1.0	-0.5685
1610	0.3999999999999999	-0.15900000000000003
1611	-1.0	-0.25
1612	-1.0	-0.437
1613	-1.3571428571428572	-0.4995
1614	-1.0	-0.801
1615	-1.0	-0.3333333333333333
1616	1.0	0.25
1617	-1.0	-0.437
1618	2.3428571428571425	0.69375
1619	0.1428571428571428	0.38525
1620	-1.0	-0.375
1621	2.0	0.5146666666666666
1622	-3.857142857142857	-1.5206666666666666
1623	-0.3333333333333334	0.01666666666666667
1624	-2.5	-0.9690000000000001
1625	1.0731707317073171	0.2571219512195122
1626	-2.0	-1.125
1627	0.3333333333333333	0.125
1628	1.0	0.5
1629	1.3333333333333333	0.3851666666666667
1630	-1.0	-0.287
1631	-2.0	-0.59375
1632	1.1428571428571428	0.375
1633	-1.0	-0.3125
1634	0.5	0.0
1635	-1.0	-0.5653409090909092
1636	1.0	0.25
1637	0	0
1638	0.2222222222222222	0.041666666666666685
1639	-1.4	-0.6290000000000001
1640	-1.6	-0.8036666666666668
1641	1.0	0.625
1642	0.0	-0.125
1643	1.0	0.34375
1644	-2.0	-0.6875
1645	2.2	0.4875333333333334
1646	-1.0	-0.312
1647	-2.104761904761905	-0.4179285714285715
1648	0	0
1649	1.208333333333333	0.7581041666666667
1650	-1.6564102564102563	-0.5518974358974358
1651	-3.0	-1.509
1652	-1.0	-0.75
1653	3.0	0.75
1654	-2.0	-0.937
1655	-3.0	-1.645
1656	-1.6666666666666665	-0.7295
1657	0.8571428571428572	-0.002023809523809539
1658	0.0	0.45799999999999996
1659	2.0	0.78175
1660	2.0	0.59375
1661	-2.333333333333333	-0.9375
1662	-2.0	-0.5625
1663	3.0	0.781
1664	-2.0	-0.6453333333333334
1665	0.7000000000000002	-0.8432166666666667
1666	-1.0	-0.25
1667	-2.0	-0.5
1668	-1.2823529411764705	-0.42499999999999993
1669	0	0
1670	0.0	-0.284
1671	1.0	0.25
1672	-2.0	-0.5
1673	-2.0	-1.296875
1674	2.0	0.5
1675	-7.0	-2.6119999999999997
1676	0.11764705882352944	-0.12899999999999995
1677	3.0	1.2345
1678	-1.0	-0.625
1679	-1.0	-0.625
1680	-2.4506387921022066	-1.4405447154471545
1681	0.6666666666666667	-0.25
1682	0.5428571428571427	0.13959999999999995
1683	-0.6768292682926829	-0.6313780487804879
1684	1.0	0.25
1685	1.4285714285714286	0.6160714285714286
1686	-1.0	-0.25
1687	0.14285714285714285	0.0
1688	-2.0	-0.35
1689	-0.8571428571428572	-0.07800000000000007
1690	0	0
1691	1.0	0.265625
1692	3.166666666666667	0.8336666666666666
1693	0.0	0.10449999999999998
1694	-1.2	-0.6753333333333333
1695	1.6666666666666667	0.3939166666666667
1696	4.666666666666667	1.2916666666666665
1697	0.0	-0.16699999999999998
1698	0.1428571428571428	0.5
1699	-1.0634920634920635	-0.47619047619047616
1700	0.33333333333333326	-0.04166666666666663
1701	-1.2564102564102564	-0.9025641025641026
1702	-3.2	-0.771
1703	1.0	0.25
1704	1.0	0.2916666666666667
1705	1.3	0.2109166666666667
1706	1.0	0.25
1707	0.6000000000000001	-0.01699999999999996
1708	5.0	2.1875
1709	2.857142857142857	0.6071428571428572
1710	-0.8	-0.6119000000000001
1711	0.4	-0.01899999999999996
1712	-0.8571428571428572	-0.25
1713	-0.2	0.13766666666666663
1714	-1.1428571428571428	-0.5263571428571429
1715	-1.5839721254355403	-0.7488780487804878
1716	-1.0	-0.5
1717	5.199999999999999	1.5279333333333334
1718	0.6666666666666665	0.5210833333333333
1719	-3.0	-1.625
1720	-2.0	-0.49950000000000006
1721	3.142857142857143	1.196
1722	-1.0	-0.625
1723	0.0	-0.1769166666666666
1724	2.3785714285714286	0.6083714285714286
1725	0.0	-0.625
1726	0	0
1727	2.142857142857143	0.5782499999999999
1728	-3.75	-1.2254999999999998
1729	0.0	-0.173
1730	1.0	0.25
1731	-3.3333333333333335	-1.1768333333333334
1732	-3.6666666666666665	-1.0415
1733	1.0	0.25
1734	-6.0	-1.65125
1735	1.0	0.25
1736	1.0	0.41625
1737	-0.8	-0.6119000000000001
1738	0.6666666666666667	0.10399999999999998
1739	-3.6666666666666665	-1.5485277777777777
1740	0.33333333333333326	0.1602222222222222
1741	0	0
1742	-1.0	-0.25
1743	0.6428571428571428	-0.06874999999999998
1744	0.0	-0.044499999999999984
1745	1.0	0.22899999999999998
1746	-1.8095238095238098	-1.383890476190476
1747	1.6666666666666667	0.8954621212121212
1748	0.0	0.0
1749	1.0	0.328125
1750	1.1428571428571428	0.375
1751	-3.0	-1.5625
1752	-4.444444444444445	-2.229
1753	-2.5	-1.16675
1754	0.0	-0.09375
1755	-0.9506387921022069	-0.7842947154471545
1756	3.0	1.5725
1757	-3.0	-1.0650000000000002
1758	4.0	1.25
1759	-0.33333333333333326	-0.24570000000000003
1760	1.0	0.3125
1761	0	0
1762	4.0	1.125
1763	1.6	0.3155590909090909
1764	-0.8571428571428572	-0.375
1765	-1.0	-0.25
1766	0.19999999999999996	-0.05600000000000002
1767	0.6666666666666667	0.4
1768	-0.5	-0.40625
1769	-0.5	-0.68725
1770	1.0	0.25
1771	1.0	0.15600000000000003
1772	-2.0	-0.875
1773	1.1428571428571428	0.25
1774	2.0	0.9251111111111111
1775	-2.857142857142857	-1.2810000000000001
1776	1.0	0.25
1777	-3.333333333333333	-1.0833333333333333
1778	-0.5	-0.46875
1779	4.5	1.2462499999999999
1780	1.0	0.344
1781	1.1428571428571428	0.344
1782	0.3333333333333333	0.0523333333333333
1783	-2.952380952380952	-1.3774047619047618
1784	0.33333333333333326	0.11846666666666661
1785	-1.0	-0.7911666666666668
1786	2.0	0.8803333333333332
1787	0.6	0.175
1788	-1.0	-0.375
1789	1.208333333333333	0.7581041666666667
1790	2.0	0.05699999999999994
1791	2.40650406504065	0.8406219512195121
1792	-3.0	-0.75
1793	0	0
1794	-2.0	-0.5525
1795	-0.33333333333333326	-0.18333333333333332
1796	0	0
1797	0.14285714285714285	-0.03125
1798	0	0
1799	1.8	0.45
1800	1.2	0.45766666666666667
1801	2.8666666666666667	0.4877
1802	2.2285714285714286	0.8535714285714286
1803	-1.1904761904761907	-0.8753333333333334
1804	2.0	0.71875
1805	-2.0	-0.75
1806	-0.5333333333333332	-0.4328333333333334
1807	-2.0	-0.75
1808	2.0	0.5
1809	1.0	0.25
1810	-2.446886446886447	-1.435897435897436
1811	-1.0	-0.25
1812	3.0	0.8063
1813	-4.0	-1.2196666666666667
1814	3.0	1.83
1815	-2.1333333333333333	-0.9721666666666667
1816	-0.5	-0.3125
1817	1.0	0.375
1818	-0.9230769230769231	-0.3942307692307692
1819	0.5333333333333333	0.10993333333333333
1820	1.5	0.21058333333333334
1821	1.0	0.25
1822	1.6	0.35
1823	1.0	0.25
1824	0.30000000000000004	-0.3745
1825	-0.06666666666666676	-0.162
1826	-2.857142857142857	-0.875
1827	1.1428571428571428	0.25
1828	3.0	1.125
1829	-0.926829268292683	-0.6178780487804878
1830	-1.0	-0.25
1831	1.0	0.5725
1832	0.3333333333333333	0.16450000000000004
1833	0.09285714285714275	0.23978333333333335
1834	0.2	0.1782
1835	1.0	0.21875
1836	-1.0	-0.25
1837	0.14285714285714285	0.0
1838	5.5	1.53125
1839	-1.0	-0.25
1840	1.0	0.344
1841	-1.8571428571428572	-0.667
1842	0	0
1843	-2.5	-0.96875
1844	-1.9916666666666667	-0.4898958333333333
1845	-1.0	-0.21875
1846	-0.6761904761904762	-0.5743571428571428
1847	-0.6666666666666667	-0.25
1848	1.0	0.453
1849	0.0	-0.125
1850	0.34285714285714275	-0.3874666666666666
1851	0.0	0.0
1852	-2.0	-0.546875
1853	-0.75	0.01849999999999996
1854	1.0	0.36550000000000005
1855	5.0	2.1875
1856	-3.857142857142857	-1.3761999999999999
1857	1.0	0.27125
1858	-3.0	-0.9686666666666668
1859	-1.0	0.07250000000000001
1860	-0.8	-0.50625
1861	-1.1904761904761905	-1.0521666666666667
1862	-2.0	-0.625
1863	0.6666666666666667	0.020833333333333315
1864	-1.6571428571428573	-0.425
1865	-4.0	-2.667
1866	0.19999999999999996	-0.07073333333333331
1867	2.333333333333333	0.7083333333333333
1868	1.0	0.125
1869	2.0	0.6405000000000001
1870	0.0	0.25899999999999995
1871	-2.0833333333333335	-0.7005
1872	-2.0	-0.7125
1873	-0.2	-0.07450000000000001
1874	-1.0	-0.625
1875	1.0	0.375
1876	-1.952380952380952	-0.8774047619047619
1877	1.1416666666666666	0.4986041666666666
1878	-4.333333333333334	-1.1043333333333334
1879	1.0	0.25
1880	-1.3333333333333335	-0.8951666666666667
1881	-1.7166666666666666	-0.8493166666666666
1882	1.0	0.25
1883	1.0	0.25
1884	-0.9230769230769231	-0.48773076923076925
1885	0	0
1886	0.0	-0.18733333333333335
1887	-3.3333333333333335	-1.792
1888	0	0
1889	0.19999999999999996	0.11253333333333332
1890	-1.0	-0.4166666666666667
1891	1.0	0.347
1892	0	0
1893	2.5	0.75025
1894	-0.33333333333333337	-0.15104166666666666
1895	-1.0	-0.25
1896	1.3333333333333333	0.475
1897	1.0	0.35375
1898	0	0
1899	0.6666666666666667	-0.041666666666666685
1900	-1.0	-0.25
1901	1.6	0.5019
1902	0	0
1903	2.0	0.5
1904	0.0	0.125
1905	0.5333333333333333	0.10993333333333333
1906	5.0	2.1875
1907	1.6	0.7416
1908	0.0	0.025749999999999995
1909	-1.0	-0.268
1910	0.33333333333333326	0.08333333333333331
1911	0.0	0.0
1912	-0.6666666666666667	-0.292
1913	0.0	-0.09350000000000003
1914	0.07317073170731703	-0.06837804878048781
1915	5.133333333333333	1.714783333333333
1916	2.142857142857143	0.5315
1917	-1.5	0.00024999999999997247
1918	2.0	0.75
1919	-1.0	-0.375
1920	1.0	0.25
1921	-0.3571428571428572	-0.3854166666666667
1922	0.0	0.0
1923	0.0	0.04199999999999998
1924	0	0
1925	-0.8	-0.15739999999999998
1926	-0.6666666666666667	-0.25
1927	-0.6	-0.2
1928	0.0	-0.28125
1929	1.5	0.02074999999999999
1930	-5.6	-2.2982
1931	0.0	-0.375
1932	-0.5897435897435898	-0.5422307692307692
1933	-0.4268292682926829	-0.1674613821138211
1934	-2.6	-0.7170000000000001
1935	1.0	0.25
